{
  "target_mean": [
    238.3094024658203,
    212.28387451171875,
    11.888326644897461,
    18.195270538330078,
    16.779367446899414
  ],
  "target_std": [
    221.78277587890625,
    160.14724731445312,
    13.445343017578125,
    21.983402252197266,
    19.83945083618164
  ],
  "metrics": [
    "total_mass",
    "total_calories",
    "total_fat",
    "total_carb",
    "total_protein"
  ]
}